n,s,keyComparison,runtime
1000,1,8716,184
1000,2,8716,199
1000,3,8717,240
1000,4,8755,157
1000,5,8755,150
1000,6,8755,150
1000,7,8798,217
1000,8,9165,148
1000,9,9165,143
1000,10,9165,135
1000,11,9165,196
1000,12,9165,192
1000,13,9165,194
1000,14,9165,193
1000,15,9568,204
1000,16,10243,144
1000,17,10243,139
1000,18,10243,191
1000,19,10243,187
1000,20,10243,193
1000,21,10243,140
1000,22,10243,191
1000,23,10243,139
1000,24,10243,217
1000,25,10243,135
1000,26,10243,145
1000,27,10243,196
1000,28,10243,205
1000,29,10243,194
1000,30,10243,151
1000,31,12574,189
1000,32,13283,159
1000,33,13283,149
1000,34,13283,153
1000,35,13283,156
1000,36,13283,220
1000,37,13283,230
1000,38,13283,230
1000,39,13283,157
1000,40,13283,156
1000,41,13283,151
1000,42,13283,157
1000,43,13283,219
1000,44,13283,227
1000,45,13283,223
1000,46,13283,221
1000,47,13283,156
1000,48,13283,150
1000,49,13283,227
1000,50,13283,166
1000,51,13283,160
1000,52,13283,153
1000,53,13283,221
1000,54,13283,160
1000,55,13283,222
1000,56,13283,223
1000,57,13283,153
1000,58,13283,221
1000,59,13283,165
1000,60,13283,232
1000,61,13283,226
1000,62,16427,258
1000,63,19891,196
1000,64,19891,293
1000,65,19891,196
1000,66,19891,295
1000,67,19891,304
1000,68,19891,196
1000,69,19891,302
1000,70,19891,200
1000,71,19891,195
1000,72,19891,209
1000,73,19891,301
1000,74,19891,307
1000,75,19891,300
1000,76,19891,267
1000,77,19891,207
1000,78,19891,294
1000,79,19891,196
1000,80,19891,298
1000,81,19891,304
1000,82,19891,303
1000,83,19891,191
1000,84,19891,196
1000,85,19891,194
1000,86,19891,254
1000,87,19891,195
1000,88,19891,307
1000,89,19891,195
1000,90,19891,190
1000,91,19891,193
1000,92,19891,301
1000,93,19891,331
1000,94,19891,299
1000,95,19891,205
1000,96,19891,196
1000,97,19891,301
1000,98,19891,191
1000,99,19891,307
1000,1,8702,179
1000,2,8702,156
1000,3,8700,163
1000,4,8771,220
1000,5,8771,147
1000,6,8771,143
1000,7,8790,151
1000,8,9087,139
1000,9,9087,137
1000,10,9087,198
1000,11,9087,144
1000,12,9087,136
1000,13,9087,142
1000,14,9087,137
1000,15,9465,202
1000,16,10253,196
1000,17,10253,193
1000,18,10253,142
1000,19,10253,203
1000,20,10253,207
1000,21,10253,155
1000,22,10253,146
1000,23,10253,198
1000,24,10253,144
1000,25,10253,192
1000,26,10253,201
1000,27,10253,194
1000,28,10253,210
1000,29,10253,156
1000,30,10253,195
1000,31,12404,217
1000,32,13067,219
1000,33,13067,158
1000,34,13067,220
1000,35,13067,222
1000,36,13067,156
1000,37,13067,219
1000,38,13067,219
1000,39,13067,222
1000,40,13067,148
1000,41,13067,224
1000,42,13067,154
1000,43,13067,163
1000,44,13067,235
1000,45,13067,221
1000,46,13067,159
1000,47,13067,155
1000,48,13067,227
1000,49,13067,152
1000,50,13067,223
1000,51,13067,223
1000,52,13067,216
1000,53,13067,240
1000,54,13067,147
1000,55,13067,168
1000,56,13067,219
1000,57,13067,222
1000,58,13067,218
1000,59,13067,150
1000,60,13067,150
1000,61,13067,150
1000,62,16436,176
1000,63,19794,303
1000,64,19794,304
1000,65,19794,198
1000,66,19794,201
1000,67,19794,196
1000,68,19794,190
1000,69,19794,294
1000,70,19794,241
1000,71,19794,197
1000,72,19794,196
1000,73,19794,197
1000,74,19794,305
1000,75,19794,300
1000,76,19794,307
1000,77,19794,297
1000,78,19794,191
1000,79,19794,297
1000,80,19794,193
1000,81,19794,293
1000,82,19794,300
1000,83,19794,194
1000,84,19794,191
1000,85,19794,193
1000,86,19794,302
1000,87,19794,253
1000,88,19794,295
1000,89,19794,192
1000,90,19794,200
1000,91,19794,191
1000,92,19794,293
1000,93,19794,301
1000,94,19794,305
1000,95,19794,199
1000,96,19794,189
1000,97,19794,189
1000,98,19794,198
1000,99,19794,297
1000,1,8715,240
1000,2,8715,221
1000,3,8716,183
1000,4,8791,145
1000,5,8791,146
1000,6,8791,203
1000,7,8861,139
1000,8,9133,138
1000,9,9133,201
1000,10,9133,136
1000,11,9133,193
1000,12,9133,134
1000,13,9133,199
1000,14,9133,171
1000,15,9592,142
1000,16,10386,201
1000,17,10386,197
1000,18,10386,150
1000,19,10386,136
1000,20,10386,137
1000,21,10386,198
1000,22,10386,162
1000,23,10386,206
1000,24,10386,144
1000,25,10386,143
1000,26,10386,140
1000,27,10386,197
1000,28,10386,203
1000,29,10386,199
1000,30,10386,193
1000,31,12769,219
1000,32,13752,163
1000,33,13752,231
1000,34,13752,226
1000,35,13752,159
1000,36,13752,154
1000,37,13752,160
1000,38,13752,233
1000,39,13752,164
1000,40,13752,238
1000,41,13752,228
1000,42,13752,170
1000,43,13752,154
1000,44,13752,229
1000,45,13752,158
1000,46,13752,157
1000,47,13752,228
1000,48,13752,233
1000,49,13752,155
1000,50,13752,227
1000,51,13752,229
1000,52,13752,239
1000,53,13752,229
1000,54,13752,151
1000,55,13752,227
1000,56,13752,155
1000,57,13752,163
1000,58,13752,233
1000,59,13752,160
1000,60,13752,228
1000,61,13752,166
1000,62,16958,262
1000,63,20149,205
1000,64,20149,200
1000,65,20149,208
1000,66,20149,306
1000,67,20149,311
1000,68,20149,195
1000,69,20149,194
1000,70,20149,195
1000,71,20149,301
1000,72,20149,306
1000,73,20149,202
1000,74,20149,193
1000,75,20149,203
1000,76,20149,315
1000,77,20149,305
1000,78,20149,198
1000,79,20149,192
1000,80,20149,303
1000,81,20149,192
1000,82,20149,193
1000,83,20149,309
1000,84,20149,298
1000,85,20149,203
1000,86,20149,313
1000,87,20149,303
1000,88,20149,193
1000,89,20149,313
1000,90,20149,210
1000,91,20149,303
1000,92,20149,199
1000,93,20149,310
1000,94,20149,303
1000,95,20149,195
1000,96,20149,329
1000,97,20149,203
1000,98,20149,312
1000,99,20149,195
10000,1,120495,2111
10000,2,120495,1960
10000,3,120465,2017
10000,4,120485,1996
10000,5,121602,1792
10000,6,121602,1799
10000,7,121602,1773
10000,8,121602,1807
10000,9,122643,1785
10000,10,127284,1848
10000,11,127284,1743
10000,12,127284,1787
10000,13,127284,1759
10000,14,127284,1763
10000,15,127284,1763
10000,16,127284,1767
10000,17,127284,1872
10000,18,127284,1795
10000,19,134732,1851
10000,20,143901,1882
10000,21,143901,1823
10000,22,143901,1801
10000,23,143901,2348
10000,24,143901,1880
10000,25,143901,1884
10000,26,143901,1813
10000,27,143901,1843
10000,28,143901,2302
10000,29,143901,1859
10000,30,143901,1847
10000,31,143901,1838
10000,32,143901,1867
10000,33,143901,1819
10000,34,143901,1812
10000,35,143901,1821
10000,36,143901,1815
10000,37,143901,1863
10000,38,143901,1846
10000,39,181365,3058
10000,40,183913,2066
10000,41,183913,2151
10000,42,183913,3001
10000,43,183913,2067
10000,44,183913,2077
10000,45,183913,2101
10000,46,183913,2058
10000,47,183913,2047
10000,48,183913,2050
10000,49,183913,2033
10000,50,183913,3130
10000,51,183913,2063
10000,52,183913,2058
10000,53,183913,2091
10000,54,183913,2057
10000,55,183913,2052
10000,56,183913,2026
10000,57,183913,2321
10000,58,183913,2056
10000,59,183913,2040
10000,60,183913,2058
10000,61,183913,2206
10000,62,183913,2067
10000,63,183913,2045
10000,64,183913,2031
10000,65,183913,2062
10000,66,183913,2113
10000,67,183913,2044
10000,68,183913,2071
10000,69,183913,2050
10000,70,183913,2043
10000,71,183913,2062
10000,72,183913,2075
10000,73,183913,2681
10000,74,183913,2042
10000,75,183913,2056
10000,76,183913,2077
10000,77,183913,2075
10000,78,259663,2544
10000,79,270680,2642
10000,80,270680,3075
10000,81,270680,2796
10000,82,270680,2679
10000,83,270680,3723
10000,84,270680,2644
10000,85,270680,2640
10000,86,270680,2629
10000,87,270680,2636
10000,88,270680,2729
10000,89,270680,3060
10000,90,270680,2628
10000,91,270680,2598
10000,92,270680,3001
10000,93,270680,2699
10000,94,270680,2598
10000,95,270680,3241
10000,96,270680,2683
10000,97,270680,2624
10000,98,270680,2777
10000,99,270680,2627
10000,1,120409,2153
10000,2,120409,2038
10000,3,120457,2302
10000,4,120531,1872
10000,5,121534,1783
10000,6,121534,1801
10000,7,121534,1920
10000,8,121534,2551
10000,9,122584,1792
10000,10,127356,1744
10000,11,127356,1756
10000,12,127356,1866
10000,13,127356,2021
10000,14,127356,2362
10000,15,127356,1792
10000,16,127356,1762
10000,17,127356,1755
10000,18,127356,1793
10000,19,134805,1787
10000,20,144129,1855
10000,21,144129,1816
10000,22,144129,1798
10000,23,144129,1807
10000,24,144129,2033
10000,25,144129,2316
10000,26,144129,1833
10000,27,144129,1816
10000,28,144129,2603
10000,29,144129,1802
10000,30,144129,1820
10000,31,144129,1829
10000,32,144129,1824
10000,33,144129,1821
10000,34,144129,1837
10000,35,144129,1850
10000,36,144129,1834
10000,37,144129,1898
10000,38,144129,1825
10000,39,181340,2137
10000,40,184024,2056
10000,41,184024,2109
10000,42,184024,3107
10000,43,184024,2060
10000,44,184024,2065
10000,45,184024,2062
10000,46,184024,2101
10000,47,184024,3019
10000,48,184024,2362
10000,49,184024,2088
10000,50,184024,2040
10000,51,184024,2075
10000,52,184024,2153
10000,53,184024,2104
10000,54,184024,2022
10000,55,184024,2078
10000,56,184024,2052
10000,57,184024,2079
10000,58,184024,2062
10000,59,184024,2073
10000,60,184024,2059
10000,61,184024,2087
10000,62,184024,2079
10000,63,184024,2457
10000,64,184024,2046
10000,65,184024,2075
10000,66,184024,2046
10000,67,184024,2030
10000,68,184024,2669
10000,69,184024,2031
10000,70,184024,2823
10000,71,184024,2051
10000,72,184024,2150
10000,73,184024,2034
10000,74,184024,2066
10000,75,184024,2199
10000,76,184024,2064
10000,77,184024,2014
10000,78,259721,2963
10000,79,270525,2635
10000,80,270525,2621
10000,81,270525,2724
10000,82,270525,4108
10000,83,270525,2771
10000,84,270525,4068
10000,85,270525,2618
10000,86,270525,2794
10000,87,270525,2834
10000,88,270525,2600
10000,89,270525,4112
10000,90,270525,2629
10000,91,270525,2608
10000,92,270525,2728
10000,93,270525,2621
10000,94,270525,3928
10000,95,270525,2790
10000,96,270525,2655
10000,97,270525,2625
10000,98,270525,2616
10000,99,270525,2632
10000,1,120426,2384
10000,2,120426,2788
10000,3,120397,1884
10000,4,120467,2022
10000,5,121454,2099
10000,6,121454,1793
10000,7,121454,1796
10000,8,121454,1779
10000,9,122512,1820
10000,10,127040,1965
10000,11,127040,1984
10000,12,127040,1822
10000,13,127040,1784
10000,14,127040,1778
10000,15,127040,1766
10000,16,127040,2338
10000,17,127040,2529
10000,18,127040,1783
10000,19,134346,1799
10000,20,143512,2682
10000,21,143512,1859
10000,22,143512,1855
10000,23,143512,2614
10000,24,143512,1813
10000,25,143512,2515
10000,26,143512,1892
10000,27,143512,1880
10000,28,143512,1810
10000,29,143512,1801
10000,30,143512,1825
10000,31,143512,1856
10000,32,143512,2255
10000,33,143512,1855
10000,34,143512,1833
10000,35,143512,2622
10000,36,143512,1825
10000,37,143512,1924
10000,38,143512,1798
10000,39,180793,2021
10000,40,183467,2082
10000,41,183467,2063
10000,42,183467,2053
10000,43,183467,2059
10000,44,183467,2070
10000,45,183467,2025
10000,46,183467,2058
10000,47,183467,2150
10000,48,183467,2082
10000,49,183467,3008
10000,50,183467,3087
10000,51,183467,2054
10000,52,183467,2113
10000,53,183467,3049
10000,54,183467,2065
10000,55,183467,2060
10000,56,183467,2090
10000,57,183467,2037
10000,58,183467,2028
10000,59,183467,2027
10000,60,183467,2053
10000,61,183467,2172
10000,62,183467,2071
10000,63,183467,2061
10000,64,183467,2501
10000,65,183467,2061
10000,66,183467,2086
10000,67,183467,2083
10000,68,183467,2069
10000,69,183467,2041
10000,70,183467,2067
10000,71,183467,2098
10000,72,183467,2946
10000,73,183467,2021
10000,74,183467,2075
10000,75,183467,2823
10000,76,183467,3006
10000,77,183467,2083
10000,78,258564,3022
10000,79,269634,2645
10000,80,269634,2593
10000,81,269634,2600
10000,82,269634,2594
10000,83,269634,2595
10000,84,269634,2673
10000,85,269634,2602
10000,86,269634,2939
10000,87,269634,2625
10000,88,269634,2954
10000,89,269634,4027
10000,90,269634,4044
10000,91,269634,2589
10000,92,269634,2642
10000,93,269634,4120
10000,94,269634,3636
10000,95,269634,2606
10000,96,269634,2581
10000,97,269634,4021
10000,98,269634,2604
10000,99,269634,2690
100000,1,1536138,26350
100000,2,1536138,25996
100000,3,1536147,23444
100000,4,1536577,23675
100000,5,1536577,23323
100000,6,1554656,22860
100000,7,1558026,22917
100000,8,1558026,22813
100000,9,1558026,23587
100000,10,1558026,22853
100000,11,1558026,22440
100000,12,1619669,12653
100000,13,1639122,11439
100000,14,1639122,11445
100000,15,1639122,11300
100000,16,1639122,11537
100000,17,1639122,11403
100000,18,1639122,11544
100000,19,1639122,11569
100000,20,1639122,11389
100000,21,1639122,11288
100000,22,1639122,11748
100000,23,1639122,11378
100000,24,1764877,11652
100000,25,1862016,11813
100000,26,1862016,11902
100000,27,1862016,11895
100000,28,1862016,11915
100000,29,1862016,12107
100000,30,1862016,11710
100000,31,1862016,11973
100000,32,1862016,11816
100000,33,1862016,11994
100000,34,1862016,12002
100000,35,1862016,11785
100000,36,1862016,11947
100000,37,1862016,11840
100000,38,1862016,13447
100000,39,1862016,11996
100000,40,1862016,12553
100000,41,1862016,11777
100000,42,1862016,11961
100000,43,1862016,11889
100000,44,1862016,11963
100000,45,1862016,12069
100000,46,1862016,11816
100000,47,1862016,12022
100000,48,1948787,12090
100000,49,2381164,13452
100000,50,2381164,13409
100000,51,2381164,13431
100000,52,2381164,13308
100000,53,2381164,13577
100000,54,2381164,13340
100000,55,2381164,13404
100000,56,2381164,13502
100000,57,2381164,13470
100000,58,2381164,13545
100000,59,2381164,14646
100000,60,2381164,13539
100000,61,2381164,13326
100000,62,2381164,13419
100000,63,2381164,13542
100000,64,2381164,13553
100000,65,2381164,13321
100000,66,2381164,13621
100000,67,2381164,13442
100000,68,2381164,13492
100000,69,2381164,13319
100000,70,2381164,13506
100000,71,2381164,13445
100000,72,2381164,13664
100000,73,2381164,13344
100000,74,2381164,13407
100000,75,2381164,13381
100000,76,2381164,13421
100000,77,2381164,15287
100000,78,2381164,13627
100000,79,2381164,13529
100000,80,2381164,13374
100000,81,2381164,13624
100000,82,2381164,13491
100000,83,2381164,13365
100000,84,2381164,13417
100000,85,2381164,13579
100000,86,2381164,13408
100000,87,2381164,13504
100000,88,2381164,13567
100000,89,2381164,13499
100000,90,2381164,13487
100000,91,2381164,13476
100000,92,2381164,13427
100000,93,2381164,13624
100000,94,2381164,13505
100000,95,2381164,13648
100000,96,2381164,13507
100000,97,2763978,14737
100000,98,3508951,17438
100000,99,3508951,17246
100000,1,1536283,14169
100000,2,1536283,12837
100000,3,1536143,13037
100000,4,1536551,11988
100000,5,1536551,12203
100000,6,1554842,11541
100000,7,1558131,11509
100000,8,1558131,11415
100000,9,1558131,11476
100000,10,1558131,11694
100000,11,1558131,11552
100000,12,1620835,11698
100000,13,1640442,11237
100000,14,1640442,15594
100000,15,1640442,11554
100000,16,1640442,11549
100000,17,1640442,11639
100000,18,1640442,11585
100000,19,1640442,11644
100000,20,1640442,11480
100000,21,1640442,11654
100000,22,1640442,11555
100000,23,1640442,11368
100000,24,1765656,11646
100000,25,1864412,12011
100000,26,1864412,14456
100000,27,1864412,11955
100000,28,1864412,11818
100000,29,1864412,11801
100000,30,1864412,11900
100000,31,1864412,12090
100000,32,1864412,11973
100000,33,1864412,11794
100000,34,1864412,11943
100000,35,1864412,11871
100000,36,1864412,11890
100000,37,1864412,11960
100000,38,1864412,11861
100000,39,1864412,11916
100000,40,1864412,12018
100000,41,1864412,11867
100000,42,1864412,11932
100000,43,1864412,11782
100000,44,1864412,12271
100000,45,1864412,11708
100000,46,1864412,12027
100000,47,1864412,11843
100000,48,1951249,12093
100000,49,2386528,13361
100000,50,2386528,13546
100000,51,2386528,13529
100000,52,2386528,13504
100000,53,2386528,15640
100000,54,2386528,13394
100000,55,2386528,15160
100000,56,2386528,13625
100000,57,2386528,13343
100000,58,2386528,13346
100000,59,2386528,13376
100000,60,2386528,13381
100000,61,2386528,13570
100000,62,2386528,13475
100000,63,2386528,13610
100000,64,2386528,13625
100000,65,2386528,13686
100000,66,2386528,13460
100000,67,2386528,13584
100000,68,2386528,13451
100000,69,2386528,13412
100000,70,2386528,13735
100000,71,2386528,13895
100000,72,2386528,13479
100000,73,2386528,13474
100000,74,2386528,13361
100000,75,2386528,13460
100000,76,2386528,13502
100000,77,2386528,15683
100000,78,2386528,13347
100000,79,2386528,13669
100000,80,2386528,13651
100000,81,2386528,13417
100000,82,2386528,13535
100000,83,2386528,13508
100000,84,2386528,13391
100000,85,2386528,13327
100000,86,2386528,13483
100000,87,2386528,13457
100000,88,2386528,13419
100000,89,2386528,13539
100000,90,2386528,13379
100000,91,2386528,13461
100000,92,2386528,13477
100000,93,2386528,13680
100000,94,2386528,13495
100000,95,2386528,13683
100000,96,2386528,13399
100000,97,2770132,14889
100000,98,3517746,17187
100000,99,3517746,17737
100000,1,1536637,14506
100000,2,1536637,12981
100000,3,1536538,12191
100000,4,1536958,11946
100000,5,1536958,11940
100000,6,1554603,11577
100000,7,1557641,11452
100000,8,1557641,11542
100000,9,1557641,11501
100000,10,1557641,11456
100000,11,1557641,11369
100000,12,1619048,11476
100000,13,1638422,11374
100000,14,1638422,12253
100000,15,1638422,11390
100000,16,1638422,11518
100000,17,1638422,11471
100000,18,1638422,11497
100000,19,1638422,13159
100000,20,1638422,11687
100000,21,1638422,11669
100000,22,1638422,12539
100000,23,1638422,11935
100000,24,1765017,11700
100000,25,1862439,11987
100000,26,1862439,11744
100000,27,1862439,11868
100000,28,1862439,11973
100000,29,1862439,12069
100000,30,1862439,11912
100000,31,1862439,11730
100000,32,1862439,12051
100000,33,1862439,11730
100000,34,1862439,11698
100000,35,1862439,11849
100000,36,1862439,11836
100000,37,1862439,12220
100000,38,1862439,11925
100000,39,1862439,11734
100000,40,1862439,11969
100000,41,1862439,11827
100000,42,1862439,11749
100000,43,1862439,11929
100000,44,1862439,11880
100000,45,1862439,11989
100000,46,1862439,11688
100000,47,1862439,11834
100000,48,1948698,12204
100000,49,2383593,14302
100000,50,2383593,26289
100000,51,2383593,26242
100000,52,2383593,26339
100000,53,2383593,26156
100000,54,2383593,26512
100000,55,2383593,26247
100000,56,2383593,26311
100000,57,2383593,26645
100000,58,2383593,26269
100000,59,2383593,26121
100000,60,2383593,26343
100000,61,2383593,26351
100000,62,2383593,26335
100000,63,2383593,26286
100000,64,2383593,26450
100000,65,2383593,26381
100000,66,2383593,26453
100000,67,2383593,26339
100000,68,2383593,26362
100000,69,2383593,26306
100000,70,2383593,26402
100000,71,2383593,26538
100000,72,2383593,26599
100000,73,2383593,26545
100000,74,2383593,26462
100000,75,2383593,26477
100000,76,2383593,26581
100000,77,2383593,26295
100000,78,2383593,26324
100000,79,2383593,26425
100000,80,2383593,26222
100000,81,2383593,26162
100000,82,2383593,26259
100000,83,2383593,26393
100000,84,2383593,26184
100000,85,2383593,26536
100000,86,2383593,26298
100000,87,2383593,26357
100000,88,2383593,26492
100000,89,2383593,26418
100000,90,2383593,26196
100000,91,2383593,26513
100000,92,2383593,26157
100000,93,2383593,26475
100000,94,2383593,26551
100000,95,2383593,26410
100000,96,2383593,26270
100000,97,2766390,28780
100000,98,3511047,33738
100000,99,3511047,33842
1000000,1,18674843,299297
1000000,2,18674843,161030
1000000,3,18675066,146394
1000000,4,18727814,141352
1000000,5,18727814,141081
1000000,6,18727814,142435
1000000,7,18820951,151410
1000000,8,19072624,152228
1000000,9,19072624,139063
1000000,10,19072624,154483
1000000,11,19072624,141701
1000000,12,19072624,150178
1000000,13,19072624,139943
1000000,14,19072624,157423
1000000,15,19886552,158284
1000000,16,20223529,160540
1000000,17,20223529,140042
1000000,18,20223529,156835
1000000,19,20223529,159882
1000000,20,20223529,158123
1000000,21,20223529,139331
1000000,22,20223529,141316
1000000,23,20223529,153497
1000000,24,20223529,165574
1000000,25,20223529,161345
1000000,26,20223529,139715
1000000,27,20223529,141757
1000000,28,20223529,161270
1000000,29,20223529,139221
1000000,30,21600560,142993
1000000,31,23192880,155893
1000000,32,23192880,150866
1000000,33,23192880,170154
1000000,34,23192880,151488
1000000,35,23192880,147626
1000000,36,23192880,149471
1000000,37,23192880,168448
1000000,38,23192880,152298
1000000,39,23192880,150311
1000000,40,23192880,150751
1000000,41,23192880,149868
1000000,42,23192880,169621
1000000,43,23192880,168814
1000000,44,23192880,156508
1000000,45,23192880,152441
1000000,46,23192880,175248
1000000,47,23192880,152992
1000000,48,23192880,153258
1000000,49,23192880,156116
1000000,50,23192880,156411
1000000,51,23192880,150185
1000000,52,23192880,151956
1000000,53,23192880,155048
1000000,54,23192880,154708
1000000,55,23192880,156946
1000000,56,23192880,148169
1000000,57,23192880,150416
1000000,58,23192880,172392
1000000,59,23192880,152497
1000000,60,23192880,159716
1000000,61,29682275,193408
1000000,62,29926078,181567
1000000,63,29926078,190294
1000000,64,29926078,181237
1000000,65,29926078,200906
1000000,66,29926078,179836
1000000,67,29926078,204956
1000000,68,29926078,173992
1000000,69,29926078,199736
1000000,70,29926078,199526
1000000,71,29926078,182792
1000000,72,29926078,180622
1000000,73,29926078,183142
1000000,74,29926078,182406
1000000,75,29926078,197600
1000000,76,29926078,180490
1000000,77,29926078,186262
1000000,78,29926078,185554
1000000,79,29926078,179417
1000000,80,29926078,205188
1000000,81,29926078,180246
1000000,82,29926078,184705
1000000,83,29926078,175184
1000000,84,29926078,178895
1000000,85,29926078,188570
1000000,86,29926078,194046
1000000,87,29926078,183203
1000000,88,29926078,208621
1000000,89,29926078,196405
1000000,90,29926078,201170
1000000,91,29926078,179133
1000000,92,29926078,182021
1000000,93,29926078,181901
1000000,94,29926078,198323
1000000,95,29926078,180637
1000000,96,29926078,200245
1000000,97,29926078,170611
1000000,98,29926078,185506
1000000,99,29926078,180777
1000000,1,18673949,159451
1000000,2,18673949,169803
1000000,3,18673939,147644
1000000,4,18726992,165333
1000000,5,18726992,139355
1000000,6,18726992,141887
1000000,7,18820454,138213
1000000,8,19072464,160307
1000000,9,19072464,138151
1000000,10,19072464,167829
1000000,11,19072464,138284
1000000,12,19072464,141522
1000000,13,19072464,144412
1000000,14,19072464,160157
1000000,15,19889098,165472
1000000,16,20224230,145576
1000000,17,20224230,146257
1000000,18,20224230,145884
1000000,19,20224230,166841
1000000,20,20224230,160742
1000000,21,20224230,142447
1000000,22,20224230,146139
1000000,23,20224230,141515
1000000,24,20224230,165940
1000000,25,20224230,140785
1000000,26,20224230,142140
1000000,27,20224230,174625
1000000,28,20224230,146662
1000000,29,20224230,141683
1000000,30,21602423,152597
1000000,31,23187154,161820
1000000,32,23187154,181497
1000000,33,23187154,154651
1000000,34,23187154,155092
1000000,35,23187154,158169
1000000,36,23187154,145443
1000000,37,23187154,176607
1000000,38,23187154,182965
1000000,39,23187154,175388
1000000,40,23187154,153693
1000000,41,23187154,177732
1000000,42,23187154,153547
1000000,43,23187154,158150
1000000,44,23187154,174034
1000000,45,23187154,183264
1000000,46,23187154,156108
1000000,47,23187154,157305
1000000,48,23187154,177616
1000000,49,23187154,155210
1000000,50,23187154,157060
1000000,51,23187154,157701
1000000,52,23187154,176628
1000000,53,23187154,152197
1000000,54,23187154,182558
1000000,55,23187154,170567
1000000,56,23187154,156529
1000000,57,23187154,158489
1000000,58,23187154,156453
1000000,59,23187154,186456
1000000,60,23187154,157112
1000000,61,29650215,208176
1000000,62,29894674,201939
1000000,63,29894674,201593
1000000,64,29894674,211985
1000000,65,29894674,198488
1000000,66,29894674,217004
1000000,67,29894674,206895
1000000,68,29894674,201667
1000000,69,29894674,170148
1000000,70,29894674,183855
1000000,71,29894674,182127
1000000,72,29894674,186223
1000000,73,29894674,186853
1000000,74,29894674,204769
1000000,75,29894674,183589
1000000,76,29894674,175782
1000000,77,29894674,185218
1000000,78,29894674,214974
1000000,79,29894674,201292
1000000,80,29894674,180487
1000000,81,29894674,196456
1000000,82,29894674,177515
1000000,83,29894674,210413
1000000,84,29894674,184831
1000000,85,29894674,211501
1000000,86,29894674,180469
1000000,87,29894674,203378
1000000,88,29894674,205505
1000000,89,29894674,203324
1000000,90,29894674,178366
1000000,91,29894674,206647
1000000,92,29894674,203233
1000000,93,29894674,180969
1000000,94,29894674,201675
1000000,95,29894674,203099
1000000,96,29894674,212664
1000000,97,29894674,179551
1000000,98,29894674,203176
1000000,99,29894674,200595
1000000,1,18674269,161779
1000000,2,18674269,180489
1000000,3,18674533,175150
1000000,4,18728487,170398
1000000,5,18728487,147734
1000000,6,18728487,166613
1000000,7,18822543,170996
1000000,8,19074149,139703
1000000,9,19074149,140655
1000000,10,19074149,164054
1000000,11,19074149,167888
1000000,12,19074149,165627
1000000,13,19074149,141706
1000000,14,19074149,164560
1000000,15,19890388,141805
1000000,16,20226577,163942
1000000,17,20226577,147540
1000000,18,20226577,160593
1000000,19,20226577,139974
1000000,20,20226577,147663
1000000,21,20226577,175849
1000000,22,20226577,138938
1000000,23,20226577,178932
1000000,24,20226577,139259
1000000,25,20226577,144775
1000000,26,20226577,145594
1000000,27,20226577,166440
1000000,28,20226577,140724
1000000,29,20226577,177251
1000000,30,21603245,175406
1000000,31,23188956,154233
1000000,32,23188956,179903
1000000,33,23188956,150897
1000000,34,23188956,156880
1000000,35,23188956,156469
1000000,36,23188956,176399
1000000,37,23188956,152290
1000000,38,23188956,153114
1000000,39,23188956,174598
1000000,40,23188956,156650
1000000,41,23188956,161891
1000000,42,23188956,155007
1000000,43,23188956,178328
1000000,44,23188956,178767
1000000,45,23188956,155173
1000000,46,23188956,181433
1000000,47,23188956,156829
1000000,48,23188956,181322
1000000,49,23188956,180132
1000000,50,23188956,178908
1000000,51,23188956,171927
1000000,52,23188956,148824
1000000,53,23188956,158025
1000000,54,23188956,174424
1000000,55,23188956,174571
1000000,56,23188956,184945
1000000,57,23188956,180032
1000000,58,23188956,152045
1000000,59,23188956,173863
1000000,60,23188956,177698
1000000,61,29662174,175508
1000000,62,29906588,197082
1000000,63,29906588,176097
1000000,64,29906588,183850
1000000,65,29906588,203872
1000000,66,29906588,209220
1000000,67,29906588,179303
1000000,68,29906588,204496
1000000,69,29906588,181491
1000000,70,29906588,184749
1000000,71,29906588,183032
1000000,72,29906588,217177
1000000,73,29906588,182539
1000000,74,29906588,184678
1000000,75,29906588,200530
1000000,76,29906588,180331
1000000,77,29906588,221106
1000000,78,29906588,180428
1000000,79,29906588,182581
1000000,80,29906588,217056
1000000,81,29906588,202560
1000000,82,29906588,175996
1000000,83,29906588,175698
1000000,84,29906588,218790
1000000,85,29906588,179320
1000000,86,29906588,185159
1000000,87,29906588,208674
1000000,88,29906588,206278
1000000,89,29906588,178039
1000000,90,29906588,184947
1000000,91,29906588,196041
1000000,92,29906588,179094
1000000,93,29906588,218558
1000000,94,29906588,180895
1000000,95,29906588,207683
1000000,96,29906588,213414
1000000,97,29906588,182666
1000000,98,29906588,206338
1000000,99,29906588,181225
10000000,1,220101607,2232365
10000000,2,220101607,1750958
10000000,3,220100556,1714144
10000000,4,220221169,1710146
10000000,5,221108580,1671504
10000000,6,221108580,1701996
10000000,7,221108580,2005788
10000000,8,221108580,1642632
10000000,9,223149120,1989602
10000000,10,226422944,1622256
10000000,11,226422944,1618793
10000000,12,226422944,1979267
10000000,13,226422944,1653401
10000000,14,226422944,1649070
10000000,15,226422944,1984668
10000000,16,226422944,1633352
10000000,17,226422944,1980597
10000000,18,226422944,1638931
10000000,19,241014654,1705568
10000000,20,242331214,1721397
10000000,21,242331214,1733117
10000000,22,242331214,1751785
10000000,23,242331214,1749481
10000000,24,242331214,1739965
10000000,25,242331214,2023813
10000000,26,242331214,1707189
10000000,27,242331214,1740513
10000000,28,242331214,1750982
10000000,29,242331214,2005885
10000000,30,242331214,1730880
10000000,31,242331214,1739886
10000000,32,242331214,1752354
10000000,33,242331214,1776313
10000000,34,242331214,1776435
10000000,35,242331214,1775860
10000000,36,242331214,1793087
10000000,37,242331214,1811830
10000000,38,275255617,1897214
10000000,39,281269183,2155139
10000000,40,281269183,1890035
10000000,41,281269183,1912121
10000000,42,281269183,2154311
10000000,43,281269183,1893416
10000000,44,281269183,1890968
10000000,45,281269183,2175028
10000000,46,281269183,1888342
10000000,47,281269183,1899566
10000000,48,281269183,1930063
10000000,49,281269183,1958398
10000000,50,281269183,1919140
10000000,51,281269183,1921667
10000000,52,281269183,1934043
10000000,53,281269183,2179396
10000000,54,281269183,2163837
10000000,55,281269183,1982094
10000000,56,281269183,1875581
10000000,57,281269183,1896887
10000000,58,281269183,1915400
10000000,59,281269183,2174141
10000000,60,281269183,2190747
10000000,61,281269183,1864348
10000000,62,281269183,2151785
10000000,63,281269183,1856424
10000000,64,281269183,1892293
10000000,65,281269183,1901023
10000000,66,281269183,1920097
10000000,67,281269183,1919886
10000000,68,281269183,2191610
10000000,69,281269183,2177728
10000000,70,281269183,2179973
10000000,71,281269183,2176719
10000000,72,281269183,2168871
10000000,73,281269183,2170729
10000000,74,281269183,1790519
10000000,75,281269183,2187411
10000000,76,341538928,2079328
10000000,77,367336482,2217111
10000000,78,367336482,2568654
10000000,79,367336482,2201003
10000000,80,367336482,2229764
10000000,81,367336482,2566220
10000000,82,367336482,2216049
10000000,83,367336482,2557076
10000000,84,367336482,2536182
10000000,85,367336482,2198332
10000000,86,367336482,2615372
10000000,87,367336482,2543001
10000000,88,367336482,2196224
10000000,89,367336482,2384408
10000000,90,367336482,2214646
10000000,91,367336482,2567135
10000000,92,367336482,2526464
10000000,93,367336482,2194693
10000000,94,367336482,2233850
10000000,95,367336482,2233469
10000000,96,367336482,2258717
10000000,97,367336482,2567678
10000000,98,367336482,2243362
10000000,99,367336482,2250672
10000000,1,220100316,1859487
10000000,2,220100316,1762855
10000000,3,220100521,1757497
10000000,4,220222136,1775035
10000000,5,221109274,1753604
10000000,6,221109274,1729758
10000000,7,221109274,2065809
10000000,8,221109274,2054923
10000000,9,223155207,1675465
10000000,10,226418095,1709152
10000000,11,226418095,1718357
10000000,12,226418095,1744784
10000000,13,226418095,1737106
10000000,14,226418095,1760972
10000000,15,226418095,2514545
10000000,16,226418095,1621338
10000000,17,226418095,1662881
10000000,18,226418095,1663191
10000000,19,241017404,2035218
10000000,20,242329719,1729052
10000000,21,242329719,2041143
10000000,22,242329719,2048095
10000000,23,242329719,1683371
10000000,24,242329719,1709203
10000000,25,242329719,1743350
10000000,26,242329719,1750367
10000000,27,242329719,2049022
10000000,28,242329719,1728580
10000000,29,242329719,1744423
10000000,30,242329719,1753173
10000000,31,242329719,2036059
10000000,32,242329719,2028393
10000000,33,242329719,1698370
10000000,34,242329719,1718427
10000000,35,242329719,2052104
10000000,36,242329719,1707567
10000000,37,242329719,1744590
10000000,38,275258950,1888157
10000000,39,281254905,2185262
10000000,40,281254905,1892854
10000000,41,281254905,1902723
10000000,42,281254905,2185044
10000000,43,281254905,2195357
10000000,44,281254905,1855097
10000000,45,281254905,1883202
10000000,46,281254905,1898809
10000000,47,281254905,2177341
10000000,48,281254905,2184793
10000000,49,281254905,1880808
10000000,50,281254905,1899980
10000000,51,281254905,1910480
10000000,52,281254905,1918345
10000000,53,281254905,2178703
10000000,54,281254905,2196952
10000000,55,281254905,1853293
10000000,56,281254905,1894720
10000000,57,281254905,2193818
10000000,58,281254905,1883444
10000000,59,281254905,1891831
10000000,60,281254905,1912145
10000000,61,281254905,1922997
10000000,62,281254905,1926444
10000000,63,281254905,1942760
10000000,64,281254905,1930665
10000000,65,281254905,2181650
10000000,66,281254905,1909379
10000000,67,281254905,1928414
10000000,68,281254905,2217548
10000000,69,281254905,1901288
10000000,70,281254905,1922854
10000000,71,281254905,2165604
10000000,72,281254905,1935001
10000000,73,281254905,1941081
10000000,74,281254905,2207664
10000000,75,281254905,2182780
10000000,76,341578292,2136391
10000000,77,367387899,2322944
10000000,78,367387899,2630302
10000000,79,367387899,2588927
10000000,80,367387899,2604922
10000000,81,367387899,2189707
10000000,82,367387899,2488947
10000000,83,367387899,2215756
10000000,84,367387899,2221948
10000000,85,367387899,2242124
10000000,86,367387899,2304685
10000000,87,367387899,2618548
10000000,88,367387899,2584018
10000000,89,367387899,2574859
10000000,90,367387899,2184857
10000000,91,367387899,2582656
10000000,92,367387899,2097452
10000000,93,367387899,2581200
10000000,94,367387899,2567289
10000000,95,367387899,2141470
10000000,96,367387899,2200615
10000000,97,367387899,2607498
10000000,98,367387899,2191115
10000000,99,367387899,2200278
10000000,1,220101272,1836752
10000000,2,220101272,2211204
10000000,3,220100840,2156935
10000000,4,220222147,1672699
10000000,5,221106165,2035638
10000000,6,221106165,1638449
10000000,7,221106165,2054931
10000000,8,221106165,2050126
10000000,9,223147989,2037985
10000000,10,226414221,2031370
10000000,11,226414221,1610895
10000000,12,226414221,2024147
10000000,13,226414221,1612955
10000000,14,226414221,2043954
10000000,15,226414221,2010912
10000000,16,226414221,1611688
10000000,17,226414221,1615920
10000000,18,226414221,1643997
10000000,19,240995798,2058052
10000000,20,242304137,2044923
10000000,21,242304137,1647587
10000000,22,242304137,1693107
10000000,23,242304137,2047593
10000000,24,242304137,2042384
10000000,25,242304137,1648458
10000000,26,242304137,2047036
10000000,27,242304137,1653713
10000000,28,242304137,2041995
10000000,29,242304137,1668879
10000000,30,242304137,2038218
10000000,31,242304137,1659806
10000000,32,242304137,2051743
10000000,33,242304137,2048936
10000000,34,242304137,2021165
10000000,35,242304137,1671025
10000000,36,242304137,2064984
10000000,37,242304137,1673494
10000000,38,275253030,1828652
10000000,39,281259911,1880778
10000000,40,281259911,1848363
10000000,41,281259911,1893602
10000000,42,281259911,2215502
10000000,43,281259911,2068250
10000000,44,281259911,1769548
10000000,45,281259911,2201928
10000000,46,281259911,1802346
10000000,47,281259911,2189238
10000000,48,281259911,1829443
10000000,49,281259911,1847655
10000000,50,281259911,2179362
10000000,51,281259911,2167695
10000000,52,281259911,1787330
10000000,53,281259911,1844267
10000000,54,281259911,1853508
10000000,55,281259911,1898848
10000000,56,281259911,2204677
10000000,57,281259911,1859872
10000000,58,281259911,1877582
10000000,59,281259911,1887145
10000000,60,281259911,1848466
10000000,61,281259911,2197184
10000000,62,281259911,2199610
10000000,63,281259911,1828468
10000000,64,281259911,1851105
10000000,65,281259911,2193655
10000000,66,281259911,2204785
10000000,67,281259911,1826437
10000000,68,281259911,1852966
10000000,69,281259911,1887874
10000000,70,281259911,2235746
10000000,71,281259911,2217549
10000000,72,281259911,1867680
10000000,73,281259911,2186096
10000000,74,281259911,1835493
10000000,75,281259911,1843611
10000000,76,341552008,2471712
10000000,77,367309495,2601988
10000000,78,367309495,2203035
10000000,79,367309495,2226453
10000000,80,367309495,2577975
10000000,81,367309495,2207365
10000000,82,367309495,2580873
10000000,83,367309495,2224230
10000000,84,367309495,2587848
10000000,85,367309495,2218624
10000000,86,367309495,2581154
10000000,87,367309495,2564762
10000000,88,367309495,2169378
10000000,89,367309495,2195411
10000000,90,367309495,2217146
10000000,91,367309495,2247709
10000000,92,367309495,2227666
10000000,93,367309495,2602838
10000000,94,367309495,2237655
10000000,95,367309495,2242056
10000000,96,367309495,2251134
10000000,97,367309495,2612415
10000000,98,367309495,2366918
10000000,99,367309495,2558393
